{"cameraMode":{"drawMode":0,"name":"Shaded","section":"Shading Mode"},"sceneLighting":true,"audioPlay":false,"sceneViewState":{"showFog":true,"showMaterialUpdate":false,"showSkybox":false,"showFlares":true,"showImageEffects":true,"showParticleSystems":true},"in2DMode":false,"pivot":{"x":387.771484375,"y":127.59428405761719,"z":-344.99127197265627},"rotation":{"x":0.024646662175655366,"y":-0.9753519296646118,"z":0.156401127576828,"w":0.1536974310874939},"size":3156.09130859375,"orthographic":false}